{
  "manifest": "data/splits/unisize_eval_manifest.jsonl",
  "model_ckpt": "checkpoints/backbones/unisize_dim256_setb_seqlen_ablation_20260708_seqlen4.pt",
  "head_ckpt": "checkpoints/metric_heads/distance_head_simple_setb_seqlen_ablation_20260708_seqlen4.pt",
  "methods": {
    "model_free_greedy": {
      "n": 900,
      "sr": 0.6433333333333333,
      "spl": 0.5523337962652269,
      "avg_path_success": 28.447322970639032,
      "avg_final_bfs": 64.66666666666667,
      "stuck_rate": 0.0,
      "invalid_rate": 0.0,
      "num_success": 579,
      "num_failure": 321,
      "time": 102.45926833152771,
      "by_size": {
        "9": {
          "n": 100,
          "sr": 0.92,
          "spl": 0.8462227955714263,
          "avg_path_success": 11.402173913043478,
          "avg_final_bfs": 16.125,
          "stuck_rate": 0.0,
          "invalid_rate": 0.0,
          "num_success": 92,
          "num_failure": 8
        },
        "11": {
          "n": 100,
          "sr": 0.84,
          "spl": 0.7283689959353574,
          "avg_path_success": 17.535714285714285,
          "avg_final_bfs": 25.8125,
          "stuck_rate": 0.0,
          "invalid_rate": 0.0,
          "num_success": 84,
          "num_failure": 16
        },
        "13": {
          "n": 100,
          "sr": 0.79,
          "spl": 0.6311209781348253,
          "avg_path_success": 25.17721518987342,
          "avg_final_bfs": 29.952380952380953,
          "stuck_rate": 0.0,
          "invalid_rate": 0.0,
          "num_success": 79,
          "num_failure": 21
        },
        "15": {
          "n": 100,
          "sr": 0.77,
          "spl": 0.6638583572764493,
          "avg_path_success": 28.805194805194805,
          "avg_final_bfs": 42.34782608695652,
          "stuck_rate": 0.0,
          "invalid_rate": 0.0,
          "num_success": 77,
          "num_failure": 23
        },
        "17": {
          "n": 100,
          "sr": 0.64,
          "spl": 0.5499407138206155,
          "avg_path_success": 33.828125,
          "avg_final_bfs": 51.77777777777778,
          "stuck_rate": 0.0,
          "invalid_rate": 0.0,
          "num_success": 64,
          "num_failure": 36
        },
        "19": {
          "n": 100,
          "sr": 0.62,
          "spl": 0.5167338345393998,
          "avg_path_success": 37.66129032258065,
          "avg_final_bfs": 62.026315789473685,
          "stuck_rate": 0.0,
          "invalid_rate": 0.0,
          "num_success": 62,
          "num_failure": 38
        },
        "21": {
          "n": 100,
          "sr": 0.44,
          "spl": 0.360536632121957,
          "avg_path_success": 39.97727272727273,
          "avg_final_bfs": 69.75,
          "stuck_rate": 0.0,
          "invalid_rate": 0.0,
          "num_success": 44,
          "num_failure": 56
        },
        "23": {
          "n": 100,
          "sr": 0.51,
          "spl": 0.4297748252133853,
          "avg_path_success": 47.1764705882353,
          "avg_final_bfs": 67.0204081632653,
          "stuck_rate": 0.0,
          "invalid_rate": 0.0,
          "num_success": 51,
          "num_failure": 49
        },
        "25": {
          "n": 100,
          "sr": 0.26,
          "spl": 0.24444703377362628,
          "avg_path_success": 41.42307692307692,
          "avg_final_bfs": 97.32432432432432,
          "stuck_rate": 0.0,
          "invalid_rate": 0.0,
          "num_success": 26,
          "num_failure": 74
        }
      }
    },
    "predictor_greedy": {
      "n": 900,
      "sr": 0.61,
      "spl": 0.48274267239818414,
      "avg_path_success": 31.74863387978142,
      "avg_final_bfs": 60.61823361823362,
      "stuck_rate": 0.0,
      "invalid_rate": 0.0,
      "num_success": 549,
      "num_failure": 351,
      "time": 216.22946429252625,
      "by_size": {
        "9": {
          "n": 100,
          "sr": 0.9,
          "spl": 0.7296511967543353,
          "avg_path_success": 14.088888888888889,
          "avg_final_bfs": 15.0,
          "stuck_rate": 0.0,
          "invalid_rate": 0.0,
          "num_success": 90,
          "num_failure": 10
        },
        "11": {
          "n": 100,
          "sr": 0.84,
          "spl": 0.7078191707662288,
          "avg_path_success": 17.44047619047619,
          "avg_final_bfs": 22.0625,
          "stuck_rate": 0.0,
          "invalid_rate": 0.0,
          "num_success": 84,
          "num_failure": 16
        },
        "13": {
          "n": 100,
          "sr": 0.76,
          "spl": 0.5704879159312437,
          "avg_path_success": 28.19736842105263,
          "avg_final_bfs": 27.875,
          "stuck_rate": 0.0,
          "invalid_rate": 0.0,
          "num_success": 76,
          "num_failure": 24
        },
        "15": {
          "n": 100,
          "sr": 0.72,
          "spl": 0.5298275244960494,
          "avg_path_success": 35.916666666666664,
          "avg_final_bfs": 38.285714285714285,
          "stuck_rate": 0.0,
          "invalid_rate": 0.0,
          "num_success": 72,
          "num_failure": 28
        },
        "17": {
          "n": 100,
          "sr": 0.59,
          "spl": 0.48598390206476183,
          "avg_path_success": 39.11864406779661,
          "avg_final_bfs": 42.90243902439025,
          "stuck_rate": 0.0,
          "invalid_rate": 0.0,
          "num_success": 59,
          "num_failure": 41
        },
        "19": {
          "n": 100,
          "sr": 0.49,
          "spl": 0.3742249095886468,
          "avg_path_success": 38.816326530612244,
          "avg_final_bfs": 60.98039215686274,
          "stuck_rate": 0.0,
          "invalid_rate": 0.0,
          "num_success": 49,
          "num_failure": 51
        },
        "21": {
          "n": 100,
          "sr": 0.48,
          "spl": 0.3518800161461077,
          "avg_path_success": 46.9375,
          "avg_final_bfs": 68.03846153846153,
          "stuck_rate": 0.0,
          "invalid_rate": 0.0,
          "num_success": 48,
          "num_failure": 52
        },
        "23": {
          "n": 100,
          "sr": 0.45,
          "spl": 0.3697602407290263,
          "avg_path_success": 47.08888888888889,
          "avg_final_bfs": 69.14545454545454,
          "stuck_rate": 0.0,
          "invalid_rate": 0.0,
          "num_success": 45,
          "num_failure": 55
        },
        "25": {
          "n": 100,
          "sr": 0.26,
          "spl": 0.2250491751072572,
          "avg_path_success": 53.30769230769231,
          "avg_final_bfs": 92.20270270270271,
          "stuck_rate": 0.0,
          "invalid_rate": 0.0,
          "num_success": 26,
          "num_failure": 74
        }
      }
    }
  }
}