{
  "manifest": "data/splits/unisize_eval_manifest.jsonl",
  "model_ckpt": "checkpoints/backbones/unisize_dim256_setb_seqlen_ablation_20260708_seqlen2.pt",
  "methods": {
    "model_free_greedy": {
      "n": 900,
      "sr": 0.6477777777777778,
      "spl": 0.5546248063933374,
      "avg_path_success": 28.735849056603772,
      "avg_final_bfs": 63.05993690851735,
      "stuck_rate": 0.0,
      "invalid_rate": 0.0,
      "num_success": 583,
      "num_failure": 317,
      "time": 90.28043699264526,
      "by_size": {
        "9": {
          "n": 100,
          "sr": 0.91,
          "spl": 0.8247183635245576,
          "avg_path_success": 12.131868131868131,
          "avg_final_bfs": 17.555555555555557,
          "stuck_rate": 0.0,
          "invalid_rate": 0.0,
          "num_success": 91,
          "num_failure": 9
        },
        "11": {
          "n": 100,
          "sr": 0.87,
          "spl": 0.7371406607476891,
          "avg_path_success": 17.96551724137931,
          "avg_final_bfs": 24.53846153846154,
          "stuck_rate": 0.0,
          "invalid_rate": 0.0,
          "num_success": 87,
          "num_failure": 13
        },
        "13": {
          "n": 100,
          "sr": 0.79,
          "spl": 0.6150503352709648,
          "avg_path_success": 26.569620253164558,
          "avg_final_bfs": 29.571428571428573,
          "stuck_rate": 0.0,
          "invalid_rate": 0.0,
          "num_success": 79,
          "num_failure": 21
        },
        "15": {
          "n": 100,
          "sr": 0.74,
          "spl": 0.6401614659540995,
          "avg_path_success": 28.324324324324323,
          "avg_final_bfs": 38.0,
          "stuck_rate": 0.0,
          "invalid_rate": 0.0,
          "num_success": 74,
          "num_failure": 26
        },
        "17": {
          "n": 100,
          "sr": 0.66,
          "spl": 0.555215754537826,
          "avg_path_success": 36.81818181818182,
          "avg_final_bfs": 48.14705882352941,
          "stuck_rate": 0.0,
          "invalid_rate": 0.0,
          "num_success": 66,
          "num_failure": 34
        },
        "19": {
          "n": 100,
          "sr": 0.56,
          "spl": 0.49906911102858564,
          "avg_path_success": 29.535714285714285,
          "avg_final_bfs": 62.27272727272727,
          "stuck_rate": 0.0,
          "invalid_rate": 0.0,
          "num_success": 56,
          "num_failure": 44
        },
        "21": {
          "n": 100,
          "sr": 0.49,
          "spl": 0.40555104488340704,
          "avg_path_success": 42.44897959183673,
          "avg_final_bfs": 70.05882352941177,
          "stuck_rate": 0.0,
          "invalid_rate": 0.0,
          "num_success": 49,
          "num_failure": 51
        },
        "23": {
          "n": 100,
          "sr": 0.53,
          "spl": 0.4628361643508927,
          "avg_path_success": 45.886792452830186,
          "avg_final_bfs": 68.12765957446808,
          "stuck_rate": 0.0,
          "invalid_rate": 0.0,
          "num_success": 53,
          "num_failure": 47
        },
        "25": {
          "n": 100,
          "sr": 0.28,
          "spl": 0.2518803572420139,
          "avg_path_success": 46.25,
          "avg_final_bfs": 93.77777777777777,
          "stuck_rate": 0.0,
          "invalid_rate": 0.0,
          "num_success": 28,
          "num_failure": 72
        }
      }
    },
    "predictor_greedy": {
      "n": 900,
      "sr": 0.6088888888888889,
      "spl": 0.5063553829053414,
      "avg_path_success": 28.324817518248175,
      "avg_final_bfs": 61.67329545454545,
      "stuck_rate": 0.0,
      "invalid_rate": 0.0,
      "num_success": 548,
      "num_failure": 352,
      "time": 198.15499234199524,
      "by_size": {
        "9": {
          "n": 100,
          "sr": 0.92,
          "spl": 0.7980387978501828,
          "avg_path_success": 13.5,
          "avg_final_bfs": 18.0,
          "stuck_rate": 0.0,
          "invalid_rate": 0.0,
          "num_success": 92,
          "num_failure": 8
        },
        "11": {
          "n": 100,
          "sr": 0.83,
          "spl": 0.6794325972885288,
          "avg_path_success": 19.337349397590362,
          "avg_final_bfs": 23.235294117647058,
          "stuck_rate": 0.0,
          "invalid_rate": 0.0,
          "num_success": 83,
          "num_failure": 17
        },
        "13": {
          "n": 100,
          "sr": 0.77,
          "spl": 0.5961950189786063,
          "avg_path_success": 27.12987012987013,
          "avg_final_bfs": 29.17391304347826,
          "stuck_rate": 0.0,
          "invalid_rate": 0.0,
          "num_success": 77,
          "num_failure": 23
        },
        "15": {
          "n": 100,
          "sr": 0.74,
          "spl": 0.6349902922268434,
          "avg_path_success": 28.39189189189189,
          "avg_final_bfs": 40.88461538461539,
          "stuck_rate": 0.0,
          "invalid_rate": 0.0,
          "num_success": 74,
          "num_failure": 26
        },
        "17": {
          "n": 100,
          "sr": 0.58,
          "spl": 0.47620422752111513,
          "avg_path_success": 34.41379310344828,
          "avg_final_bfs": 48.69047619047619,
          "stuck_rate": 0.0,
          "invalid_rate": 0.0,
          "num_success": 58,
          "num_failure": 42
        },
        "19": {
          "n": 100,
          "sr": 0.52,
          "spl": 0.44353558296651124,
          "avg_path_success": 29.153846153846153,
          "avg_final_bfs": 62.833333333333336,
          "stuck_rate": 0.0,
          "invalid_rate": 0.0,
          "num_success": 52,
          "num_failure": 48
        },
        "21": {
          "n": 100,
          "sr": 0.45,
          "spl": 0.3745294149305215,
          "avg_path_success": 38.2,
          "avg_final_bfs": 67.7090909090909,
          "stuck_rate": 0.0,
          "invalid_rate": 0.0,
          "num_success": 45,
          "num_failure": 55
        },
        "23": {
          "n": 100,
          "sr": 0.39,
          "spl": 0.3246187395269084,
          "avg_path_success": 47.38461538461539,
          "avg_final_bfs": 64.06557377049181,
          "stuck_rate": 0.0,
          "invalid_rate": 0.0,
          "num_success": 39,
          "num_failure": 61
        },
        "25": {
          "n": 100,
          "sr": 0.28,
          "spl": 0.22965377485885546,
          "avg_path_success": 50.214285714285715,
          "avg_final_bfs": 93.65277777777777,
          "stuck_rate": 0.0,
          "invalid_rate": 0.0,
          "num_success": 28,
          "num_failure": 72
        }
      }
    },
    "cem_l2": {
      "n": 900,
      "sr": 0.6444444444444445,
      "spl": 0.5123170097490932,
      "avg_path_success": 31.920689655172414,
      "avg_final_bfs": 63.965625,
      "stuck_rate": 0.0,
      "invalid_rate": 0.0,
      "num_success": 580,
      "num_failure": 320,
      "time": 1396.2185156345367,
      "by_size": {
        "9": {
          "n": 100,
          "sr": 0.96,
          "spl": 0.7801193813822347,
          "avg_path_success": 16.96875,
          "avg_final_bfs": 16.25,
          "stuck_rate": 0.0,
          "invalid_rate": 0.0,
          "num_success": 96,
          "num_failure": 4
        },
        "11": {
          "n": 100,
          "sr": 0.91,
          "spl": 0.717719709412689,
          "avg_path_success": 22.0989010989011,
          "avg_final_bfs": 23.22222222222222,
          "stuck_rate": 0.0,
          "invalid_rate": 0.0,
          "num_success": 91,
          "num_failure": 9
        },
        "13": {
          "n": 100,
          "sr": 0.83,
          "spl": 0.6141029553760334,
          "avg_path_success": 31.602409638554217,
          "avg_final_bfs": 28.647058823529413,
          "stuck_rate": 0.0,
          "invalid_rate": 0.0,
          "num_success": 83,
          "num_failure": 17
        },
        "15": {
          "n": 100,
          "sr": 0.78,
          "spl": 0.6058074787432869,
          "avg_path_success": 33.46153846153846,