{
  "run_id": "setb_seqlen_ablation_20260708",
  "summary": {
    "2": {
      "symbolic": {
        "mean_sr": 0.9428571428571428,
        "mean_pos_ok": 0.9014285714285714,
        "by_size": {
          "9": 1.0,
          "11": 1.0,
          "13": 0.98,
          "15": 1.0,
          "17": 0.93,
          "19": 0.9,
          "21": 0.79
        },
        "pos_ok_by_size": {
          "9": 1.0,
          "11": 1.0,
          "13": 0.97,
          "15": 0.95,
          "17": 0.91,
          "19": 0.77,
          "21": 0.71
        }
      },
      "latent_l2": {
        "model_free_greedy": {
          "sr": 0.6477777777777778,
          "spl": 0.5546248063933374,
          "stuck_rate": 0.0,
          "invalid_rate": 0.0,
          "num_success": 583,
          "num_failure": 317,
          "time": 90.28043699264526,
          "by_size": {
            "9": 0.91,
            "11": 0.87,
            "13": 0.79,
            "15": 0.74,
            "17": 0.66,
            "19": 0.56,
            "21": 0.49,
            "23": 0.53,
            "25": 0.28
          }
        },
        "predictor_greedy": {
          "sr": 0.6088888888888889,
          "spl": 0.5063553829053414,
          "stuck_rate": 0.0,
          "invalid_rate": 0.0,
          "num_success": 548,
          "num_failure": 352,
          "time": 198.15499234199524,
          "by_size": {
            "9": 0.92,
            "11": 0.83,
            "13": 0.77,
            "15": 0.74,
            "17": 0.58,
            "19": 0.52,
            "21": 0.45,
            "23": 0.39,
            "25": 0.28
          }
        },
        "cem_l2": {
          "sr": 0.6444444444444445,
          "spl": 0.5123170097490932,
          "stuck_rate": 0.0,
          "invalid_rate": 0.0,
          "num_success": 580,
          "num_failure": 320,
          "time": 1396.2185156345367,
          "by_size": {
            "9": 0.96,
            "11": 0.91,
            "13": 0.83,
            "15": 0.78,
            "17": 0.6,
            "19": 0.54,
            "21": 0.47,
            "23": 0.41,
            "25": 0.3
          }
        }
      },
      "distance_head": {
        "model_free_greedy": {
          "sr": 0.6477777777777778,
          "spl": 0.5636359879858409,
          "stuck_rate": 0.0,
          "invalid_rate": 0.0,
          "num_success": 583,
          "num_failure": 317,
          "time": 99.86097288131714,
          "by_size": {
            "9": 0.91,
            "11": 0.86,
            "13": 0.78,
            "15": 0.79,
            "17": 0.66,
            "19": 0.55,
            "21": 0.47,
            "23": 0.54,
            "25": 0.27
          }
        },
        "predictor_greedy": {
          "sr": 0.6355555555555555,
          "spl": 0.5348309234049516,
          "stuck_rate": 0.0,
          "invalid_rate": 0.0,
          "num_success": 572,
          "num_failure": 328,
          "time": 201.2372977733612,
          "by_size": {
            "9": 0.9,
            "11": 0.87,
            "13": 0.79,
            "15": 0.78,
            "17": 0.63,
            "19": 0.57,
            "21": 0.47,
            "23": 0.43,
            "25": 0.28
          }
        }
      },
      "qrl": {
        "model_free_greedy": {
          "sr": 0.6433,
          "spl": 0.5538,
          "stuck_rate": 0.0,
          "invalid_rate": 0.0,
          "num_success": 579,
          "num_failure": 321,
          "time": 101.0
        },
        "predictor_greedy": {
          "sr": 0.6256,
          "spl": 0.5218,
          "stuck_rate": 0.0,
          "invalid_rate": 0.0,
          "num_success": 563,
          "num_failure": 337,
          "time": 203.0
        }
      },
      "lewm_loss": {
        "first": {
          "step": 500,
          "total": 0.204,
          "pred": 0.0471,
          "abs": 0.0237,
          "rel": 0.0971,
          "goal": 0.0877
        },
        "mid_10000": {
          "step": 10000,
          "total": 0.0181,
          "pred": 0.0035,
          "abs": 0.0012,
          "rel": 0.002,
          "goal": 0.0023
        },
        "final": {
          "step": 30000,
          "total": 0.0155,
          "pred": 0.0027,
          "abs": 0.0011,
          "rel": 0.0014,
          "goal": 0.0014
        },
        "num_points": 60
      },
      "dh_train": {
        "first": "Step   1000/30000: train_batch=0.0095 train_eval=0.0091 eval_seen=0.0093 eval_ood=0.0125 (88s)",
        "final": "Step  30000/30000: train_batch=0.0085 train_eval=0.0084 eval_seen=0.0085 eval_ood=0.0142 (9s)",
        "num_points": 30
      },
      "qrl_train": {
        "first": "Step   1000/30000: train=0.0961 reg=0.0119 rank=0.0225 con=0.0380 tri=0.0000 val_reg=0.0117 val_rank_acc=0.6477 val_contrast_acc=0.6255 (267s)",
        "final": "Step  30000/30000: train=0.0935 reg=0.0105 rank=0.0239 con=0.0419 tri=0.0000 val_reg=0.0106 val_rank_acc=0.6440 val_contrast_acc=0.6272 (111s)",
        "num_points": 30
      }
    },
    "4": {
      "symbolic": {
        "mean_sr": 0.9557142857142856,
        "mean_pos_ok": 0.9242857142857143,
        "by_size": {
          "9": 1.0,
          "11": 1.0,
          "13": 0.96,
          "15": 0.96,
          "17": 0.98,
          "19": 0.94,
          "21": 0.85
        },
        "pos_ok_by_size": {
          "9": 1.0,
          "11": 1.0,
          "13": 0.96,
          "15": 0.94,
          "17": 0.97,
          "19": 0.85,
          "21": 0.75
        }
      },
      "latent_l2": {
        "model_free_greedy": {
          "sr": 0.6411111111111111,
          "spl": 0.5299368218295301,
          "stuck_rate": 0.0,
          "invalid_rate": 0.0,
          "num_success": 577,
          "num_failure": 323,
          "time": 90.28624105453491,
          "by_size": {
            "9": 0.92,
            "11": 0.85,
            "13": 0.8,
            "15": 0.73,
            "17": 0.63,
            "19": 0.63,
            "21": 0.44,
            "23": 0.52,
            "25": 0.25
          }
        },
        "predictor_greedy": {
          "sr": 0.5944444444444444,
          "spl": 0.46978589815925653,
          "stuck_rate": 0.0,
          "invalid_rate": 0.0,
          "num_success": 535,
          "num_failure": 365,
          "time": 199.5871765613556,
          "by_size": {
            "9": 0.88,
            "11": 0.82,
            "13": 0.72,
            "15": 0.73,
            "17": 0.61,
            "19": 0.48,
            "21": 0.43,
            "23": 0.43,
            "25": 0.25
          }
        },
        "cem_l2": {
          "sr": 0.6288888888888889,
          "spl": 0.44500471933831026,
          "stuck_rate": 0.0,
          "invalid_rate": 0.0,
          "num_success": 566,
          "num_failure": 334,
          "time": 1476.1318452358246,
          "by_size": {
            "9": 0.98,
            "11": 0.84,
            "13": 0.79,
            "15": 0.74,
            "17": 0.65,
            "19": 0.53,
            "21": 0.43,
            "23": 0.43,
            "25": 0.27
          }
        }
      },
      "distance_head": {
        "model_free_greedy": {
          "sr": 0.6433333333333333,
          "spl": 0.5523337962652269,
          "stuck_rate": 0.0,
          "invalid_rate": 0.0,
          "num_success": 579,
          "num_failure": 321,
          "time": 102.45926833152771,
          "by_size": {
            "9": 0.92,
            "11": 0.84,
            "13": 0.79,
            "15": 0.77,
            "17": 0.64,
            "19": 0.62,
            "21": 0.44,
            "23": 0.51,
            "25": 0.26
          }
        },
        "predictor_greedy": {
          "sr": 0.61,
          "spl": 0.48274267239818414,
          "stuck_rate": 0.0,
          "invalid_rate": 0.0,
          "num_success": 549,
          "num_failure": 351,
          "time": 216.22946429252625,
          "by_size": {
            "9": 0.9,
            "11": 0.84,
            "13": 0.76,
            "15": 0.72,
            "17": 0.59,